PassengerId,Pclass,Fare,Embarked_C,Embarked_Q,Embarked_S,Age_-1,Age_2,Age_12,Age_18,Age_25,Age_35,Age_45,Age_55,Age_65,Age_75,Age_80,SibSp,Parch,Sex,Survived
1,3,7.25,0,0,1,0,0,0,0,1,0,0,0,0,0,0,1,0,0,0
2,1,71.2833,1,0,0,0,0,0,0,0,0,1,0,0,0,0,1,0,1,1
3,3,7.925,0,0,1,0,0,0,0,0,1,0,0,0,0,0,0,0,1,1
4,1,53.1,0,0,1,0,0,0,0,0,1,0,0,0,0,0,1,0,1,1
5,3,8.05,0,0,1,0,0,0,0,0,1,0,0,0,0,0,0,0,0,0
6,3,8.4583,0,1,0,1,0,0,0,0,0,0,0,0,0,0,0,0,0,0
7,1,51.8625,0,0,1,0,0,0,0,0,0,0,1,0,0,0,0,0,0,0
8,3,21.075,0,0,1,0,1,0,0,0,0,0,0,0,0,0,3,1,0,0
9,3,11.1333,0,0,1,0,0,0,0,0,1,0,0,0,0,0,0,2,1,1
10,2,30.0708,1,0,0,0,0,0,1,0,0,0,0,0,0,0,1,0,1,1
11,3,16.7,0,0,1,0,0,1,0,0,0,0,0,0,0,0,1,1,1,1
12,1,26.55,0,0,1,0,0,0,0,0,0,0,0,1,0,0,0,0,1,1
13,3,8.05,0,0,1,0,0,0,0,1,0,0,0,0,0,0,0,0,0,0
14,3,31.275,0,0,1,0,0,0,0,0,0,1,0,0,0,0,1,5,0,0
15,3,7.8542,0,0,1,0,0,0,1,0,0,0,0,0,0,0,0,0,1,0
16,2,16.0,0,0,1,0,0,0,0,0,0,0,1,0,0,0,0,0,1,1
17,3,29.125,0,1,0,0,1,0,0,0,0,0,0,0,0,0,4,1,0,0
18,2,13.0,0,0,1,1,0,0,0,0,0,0,0,0,0,0,0,0,0,1
19,3,18.0,0,0,1,0,0,0,0,0,1,0,0,0,0,0,1,0,1,0
20,3,7.225,1,0,0,1,0,0,0,0,0,0,0,0,0,0,0,0,1,1
21,2,26.0,0,0,1,0,0,0,0,0,1,0,0,0,0,0,0,0,0,0
22,2,13.0,0,0,1,0,0,0,0,0,1,0,0,0,0,0,0,0,0,1
23,3,8.0292,0,1,0,0,0,0,1,0,0,0,0,0,0,0,0,0,1,1
24,1,35.5,0,0,1,0,0,0,0,0,1,0,0,0,0,0,0,0,0,1
25,3,21.075,0,0,1,0,0,1,0,0,0,0,0,0,0,0,3,1,1,0
26,3,31.3875,0,0,1,0,0,0,0,0,0,1,0,0,0,0,1,5,1,1
27,3,7.225,1,0,0,1,0,0,0,0,0,0,0,0,0,0,0,0,0,0
28,1,263.0,0,0,1,0,0,0,0,1,0,0,0,0,0,0,3,2,0,0
29,3,7.8792,0,1,0,1,0,0,0,0,0,0,0,0,0,0,0,0,1,1
30,3,7.8958,0,0,1,1,0,0,0,0,0,0,0,0,0,0,0,0,0,0
31,1,27.7208,1,0,0,0,0,0,0,0,0,1,0,0,0,0,0,0,0,0
32,1,146.5208,1,0,0,1,0,0,0,0,0,0,0,0,0,0,1,0,1,1
33,3,7.75,0,1,0,1,0,0,0,0,0,0,0,0,0,0,0,0,1,1
34,2,10.5,0,0,1,0,0,0,0,0,0,0,0,0,1,0,0,0,0,0
35,1,82.1708,1,0,0,0,0,0,0,0,1,0,0,0,0,0,1,0,0,0
36,1,52.0,0,0,1,0,0,0,0,0,0,1,0,0,0,0,1,0,0,0
37,3,7.2292,1,0,0,1,0,0,0,0,0,0,0,0,0,0,0,0,0,1
38,3,8.05,0,0,1,0,0,0,0,1,0,0,0,0,0,0,0,0,0,0
39,3,18.0,0,0,1,0,0,0,1,0,0,0,0,0,0,0,2,0,1,0
40,3,11.2417,1,0,0,0,0,0,1,0,0,0,0,0,0,0,1,0,1,1
41,3,9.475,0,0,1,0,0,0,0,0,0,1,0,0,0,0,1,0,1,0
42,2,21.0,0,0,1,0,0,0,0,0,1,0,0,0,0,0,1,0,1,0
43,3,7.8958,1,0,0,1,0,0,0,0,0,0,0,0,0,0,0,0,0,0
44,2,41.5792,1,0,0,0,0,1,0,0,0,0,0,0,0,0,1,2,1,1
45,3,7.8792,0,1,0,0,0,0,0,1,0,0,0,0,0,0,0,0,1,1
46,3,8.05,0,0,1,1,0,0,0,0,0,0,0,0,0,0,0,0,0,0
47,3,15.5,0,1,0,1,0,0,0,0,0,0,0,0,0,0,1,0,0,0
48,3,7.75,0,1,0,1,0,0,0,0,0,0,0,0,0,0,0,0,1,1
49,3,21.6792,1,0,0,1,0,0,0,0,0,0,0,0,0,0,2,0,0,0
50,3,17.8,0,0,1,0,0,0,1,0,0,0,0,0,0,0,1,0,1,0
51,3,39.6875,0,0,1,0,0,1,0,0,0,0,0,0,0,0,4,1,0,0
52,3,7.8,0,0,1,0,0,0,0,1,0,0,0,0,0,0,0,0,0,0
53,1,76.7292,1,0,0,0,0,0,0,0,0,0,1,0,0,0,1,0,1,1
54,2,26.0,0,0,1,0,0,0,0,0,1,0,0,0,0,0,1,0,1,1
55,1,61.9792,1,0,0,0,0,0,0,0,0,0,0,1,0,0,0,1,0,0
56,1,35.5,0,0,1,1,0,0,0,0,0,0,0,0,0,0,0,0,0,1
57,2,10.5,0,0,1,0,0,0,0,1,0,0,0,0,0,0,0,0,1,1
58,3,7.2292,1,0,0,0,0,0,0,0,1,0,0,0,0,0,0,0,0,0
59,2,27.75,0,0,1,0,0,1,0,0,0,0,0,0,0,0,1,2,1,1
60,3,46.9,0,0,1,0,0,1,0,0,0,0,0,0,0,0,5,2,0,0
61,3,7.2292,1,0,0,0,0,0,0,1,0,0,0,0,0,0,0,0,0,0
63,1,83.475,0,0,1,0,0,0,0,0,0,1,0,0,0,0,1,0,0,0
64,3,27.9,0,0,1,0,0,1,0,0,0,0,0,0,0,0,3,2,0,0
65,1,27.7208,1,0,0,1,0,0,0,0,0,0,0,0,0,0,0,0,0,0
66,3,15.2458,1,0,0,1,0,0,0,0,0,0,0,0,0,0,1,1,0,1
67,2,10.5,0,0,1,0,0,0,0,0,1,0,0,0,0,0,0,0,1,1
68,3,8.1583,0,0,1,0,0,0,0,1,0,0,0,0,0,0,0,0,0,0
69,3,7.925,0,0,1,0,0,0,1,0,0,0,0,0,0,0,4,2,1,1
70,3,8.6625,0,0,1,0,0,0,0,0,1,0,0,0,0,0,2,0,0,0
71,2,10.5,0,0,1,0,0,0,0,0,1,0,0,0,0,0,0,0,0,0
72,3,46.9,0,0,1,0,0,0,1,0,0,0,0,0,0,0,5,2,1,0
73,2,73.5,0,0,1,0,0,0,0,1,0,0,0,0,0,0,0,0,0,0
74,3,14.4542,1,0,0,0,0,0,0,0,1,0,0,0,0,0,1,0,0,0
75,3,56.4958,0,0,1,0,0,0,0,0,1,0,0,0,0,0,0,0,0,1
76,3,7.65,0,0,1,0,0,0,0,1,0,0,0,0,0,0,0,0,0,0
77,3,7.8958,0,0,1,1,0,0,0,0,0,0,0,0,0,0,0,0,0,0
78,3,8.05,0,0,1,1,0,0,0,0,0,0,0,0,0,0,0,0,0,0
79,2,29.0,0,0,1,0,1,0,0,0,0,0,0,0,0,0,0,2,0,1
80,3,12.475,0,0,1,0,0,0,0,0,1,0,0,0,0,0,0,0,1,1
81,3,9.0,0,0,1,0,0,0,0,1,0,0,0,0,0,0,0,0,0,0
82,3,9.5,0,0,1,0,0,0,0,0,1,0,0,0,0,0,0,0,0,1
83,3,7.7875,0,1,0,1,0,0,0,0,0,0,0,0,0,0,0,0,1,1
84,1,47.1,0,0,1,0,0,0,0,0,1,0,0,0,0,0,0,0,0,0
85,2,10.5,0,0,1,0,0,0,1,0,0,0,0,0,0,0,0,0,1,1
86,3,15.85,0,0,1,0,0,0,0,0,1,0,0,0,0,0,3,0,1,1
87,3,34.375,0,0,1,0,0,0,1,0,0,0,0,0,0,0,1,3,0,0
88,3,8.05,0,0,1,1,0,0,0,0,0,0,0,0,0,0,0,0,0,0
89,1,263.0,0,0,1,0,0,0,0,1,0,0,0,0,0,0,3,2,1,1
90,3,8.05,0,0,1,0,0,0,0,1,0,0,0,0,0,0,0,0,0,0
91,3,8.05,0,0,1,0,0,0,0,0,1,0,0,0,0,0,0,0,0,0
92,3,7.8542,0,0,1,0,0,0,0,1,0,0,0,0,0,0,0,0,0,0
93,1,61.175,0,0,1,0,0,0,0,0,0,0,1,0,0,0,1,0,0,0
94,3,20.575,0,0,1,0,0,0,0,0,1,0,0,0,0,0,1,2,0,0
95,3,7.25,0,0,1,0,0,0,0,0,0,0,0,1,0,0,0,0,0,0
96,3,8.05,0,0,1,1,0,0,0,0,0,0,0,0,0,0,0,0,0,0
97,1,34.6542,1,0,0,0,0,0,0,0,0,0,0,0,1,0,0,0,0,0
98,1,63.3583,1,0,0,0,0,0,0,1,0,0,0,0,0,0,0,1,0,1
99,2,23.0,0,0,1,0,0,0,0,0,1,0,0,0,0,0,0,1,1,1
100,2,26.0,0,0,1,0,0,0,0,0,1,0,0,0,0,0,1,0,0,0
101,3,7.8958,0,0,1,0,0,0,0,0,1,0,0,0,0,0,0,0,1,0
102,3,7.8958,0,0,1,1,0,0,0,0,0,0,0,0,0,0,0,0,0,0
103,1,77.2875,0,0,1,0,0,0,0,1,0,0,0,0,0,0,0,1,0,0
104,3,8.6542,0,0,1,0,0,0,0,0,1,0,0,0,0,0,0,0,0,0
105,3,7.925,0,0,1,0,0,0,0,0,0,1,0,0,0,0,2,0,0,0
106,3,7.8958,0,0,1,0,0,0,0,0,1,0,0,0,0,0,0,0,0,0
107,3,7.65,0,0,1,0,0,0,0,1,0,0,0,0,0,0,0,0,1,1
108,3,7.775,0,0,1,1,0,0,0,0,0,0,0,0,0,0,0,0,0,1
109,3,7.8958,0,0,1,0,0,0,0,0,0,1,0,0,0,0,0,0,0,0
110,3,24.15,0,1,0,1,0,0,0,0,0,0,0,0,0,0,1,0,1,1
111,1,52.0,0,0,1,0,0,0,0,0,0,0,1,0,0,0,0,0,0,0
112,3,14.4542,1,0,0,0,0,0,1,0,0,0,0,0,0,0,1,0,1,0
113,3,8.05,0,0,1,0,0,0,0,1,0,0,0,0,0,0,0,0,0,0
114,3,9.825,0,0,1,0,0,0,0,1,0,0,0,0,0,0,1,0,1,0
115,3,14.4583,1,0,0,0,0,0,1,0,0,0,0,0,0,0,0,0,1,0
116,3,7.925,0,0,1,0,0,0,0,1,0,0,0,0,0,0,0,0,0,0
117,3,7.75,0,1,0,0,0,0,0,0,0,0,0,0,1,0,0,0,0,0
118,2,21.0,0,0,1,0,0,0,0,0,1,0,0,0,0,0,1,0,0,0
119,1,247.5208,1,0,0,0,0,0,0,1,0,0,0,0,0,0,0,1,0,0
120,3,31.275,0,0,1,0,1,0,0,0,0,0,0,0,0,0,4,2,1,0
121,2,73.5,0,0,1,0,0,0,0,1,0,0,0,0,0,0,2,0,0,0
122,3,8.05,0,0,1,1,0,0,0,0,0,0,0,0,0,0,0,0,0,0
123,2,30.0708,1,0,0,0,0,0,0,0,1,0,0,0,0,0,1,0,0,0
124,2,13.0,0,0,1,0,0,0,0,0,1,0,0,0,0,0,0,0,1,1
125,1,77.2875,0,0,1,0,0,0,0,0,0,0,1,0,0,0,0,1,0,0
126,3,11.2417,1,0,0,0,0,1,0,0,0,0,0,0,0,0,1,0,0,1
127,3,7.75,0,1,0,1,0,0,0,0,0,0,0,0,0,0,0,0,0,0
128,3,7.1417,0,0,1,0,0,0,0,1,0,0,0,0,0,0,0,0,0,1
129,3,22.3583,1,0,0,1,0,0,0,0,0,0,0,0,0,0,1,1,1,1
130,3,6.975,0,0,1,0,0,0,0,0,0,1,0,0,0,0,0,0,0,0
131,3,7.8958,1,0,0,0,0,0,0,0,1,0,0,0,0,0,0,0,0,0
132,3,7.05,0,0,1,0,0,0,0,1,0,0,0,0,0,0,0,0,0,0
133,3,14.5,0,0,1,0,0,0,0,0,0,0,1,0,0,0,1,0,1,0
134,2,26.0,0,0,1,0,0,0,0,0,1,0,0,0,0,0,1,0,1,1
135,2,13.0,0,0,1,0,0,0,0,1,0,0,0,0,0,0,0,0,0,0
136,2,15.0458,1,0,0,0,0,0,0,1,0,0,0,0,0,0,0,0,0,0
137,1,26.2833,0,0,1,0,0,0,0,1,0,0,0,0,0,0,0,2,1,1
138,1,53.1,0,0,1,0,0,0,0,0,0,1,0,0,0,0,1,0,0,0
139,3,9.2167,0,0,1,0,0,0,1,0,0,0,0,0,0,0,0,0,0,0
140,1,79.2,1,0,0,0,0,0,0,1,0,0,0,0,0,0,0,0,0,0
141,3,15.2458,1,0,0,1,0,0,0,0,0,0,0,0,0,0,0,2,1,0
142,3,7.75,0,0,1,0,0,0,0,1,0,0,0,0,0,0,0,0,1,1
143,3,15.85,0,0,1,0,0,0,0,1,0,0,0,0,0,0,1,0,1,1
144,3,6.75,0,1,0,0,0,0,0,1,0,0,0,0,0,0,0,0,0,0
145,2,11.5,0,0,1,0,0,0,1,0,0,0,0,0,0,0,0,0,0,0
146,2,36.75,0,0,1,0,0,0,0,1,0,0,0,0,0,0,1,1,0,0
147,3,7.7958,0,0,1,0,0,0,0,0,1,0,0,0,0,0,0,0,0,1
148,3,34.375,0,0,1,0,0,1,0,0,0,0,0,0,0,0,2,2,1,0
149,2,26.0,0,0,1,0,0,0,0,0,0,1,0,0,0,0,0,2,0,0
150,2,13.0,0,0,1,0,0,0,0,0,0,1,0,0,0,0,0,0,0,0
151,2,12.525,0,0,1,0,0,0,0,0,0,0,1,0,0,0,0,0,0,0
152,1,66.6,0,0,1,0,0,0,0,1,0,0,0,0,0,0,1,0,1,1
153,3,8.05,0,0,1,0,0,0,0,0,0,0,1,0,0,0,0,0,0,0
154,3,14.5,0,0,1,0,0,0,0,0,0,1,0,0,0,0,0,2,0,0
155,3,7.3125,0,0,1,1,0,0,0,0,0,0,0,0,0,0,0,0,0,0
156,1,61.3792,1,0,0,0,0,0,0,0,0,0,1,0,0,0,0,1,0,0
157,3,7.7333,0,1,0,0,0,0,1,0,0,0,0,0,0,0,0,0,1,1
158,3,8.05,0,0,1,0,0,0,0,0,1,0,0,0,0,0,0,0,0,0
159,3,8.6625,0,0,1,1,0,0,0,0,0,0,0,0,0,0,0,0,0,0
160,3,69.55,0,0,1,1,0,0,0,0,0,0,0,0,0,0,8,2,0,0
161,3,16.1,0,0,1,0,0,0,0,0,0,1,0,0,0,0,0,1,0,0
162,2,15.75,0,0,1,0,0,0,0,0,0,1,0,0,0,0,0,0,1,1
163,3,7.775,0,0,1,0,0,0,0,0,1,0,0,0,0,0,0,0,0,0
164,3,8.6625,0,0,1,0,0,0,1,0,0,0,0,0,0,0,0,0,0,0
165,3,39.6875,0,0,1,0,1,0,0,0,0,0,0,0,0,0,4,1,0,0
166,3,20.525,0,0,1,0,0,1,0,0,0,0,0,0,0,0,0,2,0,1
167,1,55.0,0,0,1,1,0,0,0,0,0,0,0,0,0,0,0,1,1,1
168,3,27.9,0,0,1,0,0,0,0,0,0,1,0,0,0,0,1,4,1,0
169,1,25.925,0,0,1,1,0,0,0,0,0,0,0,0,0,0,0,0,0,0
170,3,56.4958,0,0,1,0,0,0,0,0,1,0,0,0,0,0,0,0,0,0
171,1,33.5,0,0,1,0,0,0,0,0,0,0,0,1,0,0,0,0,0,0
172,3,29.125,0,1,0,0,0,1,0,0,0,0,0,0,0,0,4,1,0,0
173,3,11.1333,0,0,1,0,1,0,0,0,0,0,0,0,0,0,1,1,1,1
174,3,7.925,0,0,1,0,0,0,0,1,0,0,0,0,0,0,0,0,0,0
175,1,30.6958,1,0,0,0,0,0,0,0,0,0,0,1,0,0,0,0,0,0
176,3,7.8542,0,0,1,0,0,0,1,0,0,0,0,0,0,0,1,1,0,0
177,3,25.4667,0,0,1,1,0,0,0,0,0,0,0,0,0,0,3,1,0,0
178,1,28.7125,1,0,0,0,0,0,0,0,0,0,1,0,0,0,0,0,1,0
179,2,13.0,0,0,1,0,0,0,0,0,1,0,0,0,0,0,0,0,0,0
180,3,0.0,0,0,1,0,0,0,0,0,0,1,0,0,0,0,0,0,0,0
181,3,69.55,0,0,1,1,0,0,0,0,0,0,0,0,0,0,8,2,1,0
182,2,15.05,1,0,0,1,0,0,0,0,0,0,0,0,0,0,0,0,0,0
183,3,31.3875,0,0,1,0,0,1,0,0,0,0,0,0,0,0,4,2,0,0
184,2,39.0,0,0,1,0,1,0,0,0,0,0,0,0,0,0,2,1,0,1
185,3,22.025,0,0,1,0,0,1,0,0,0,0,0,0,0,0,0,2,1,1
186,1,50.0,0,0,1,1,0,0,0,0,0,0,0,0,0,0,0,0,0,0
187,3,15.5,0,1,0,1,0,0,0,0,0,0,0,0,0,0,1,0,1,1
188,1,26.55,0,0,1,0,0,0,0,0,0,1,0,0,0,0,0,0,0,1
189,3,15.5,0,1,0,0,0,0,0,0,0,1,0,0,0,0,1,1,0,0
190,3,7.8958,0,0,1,0,0,0,0,0,0,1,0,0,0,0,0,0,0,0
191,2,13.0,0,0,1,0,0,0,0,0,1,0,0,0,0,0,0,0,1,1
192,2,13.0,0,0,1,0,0,0,0,1,0,0,0,0,0,0,0,0,0,0
193,3,7.8542,0,0,1,0,0,0,0,1,0,0,0,0,0,0,1,0,1,1
194,2,26.0,0,0,1,0,0,1,0,0,0,0,0,0,0,0,1,1,0,1
195,1,27.7208,1,0,0,0,0,0,0,0,0,1,0,0,0,0,0,0,1,1
196,1,146.5208,1,0,0,0,0,0,0,0,0,0,0,1,0,0,0,0,1,1
197,3,7.75,0,1,0,1,0,0,0,0,0,0,0,0,0,0,0,0,0,0
198,3,8.4042,0,0,1,0,0,0,0,0,0,1,0,0,0,0,0,1,0,0
199,3,7.75,0,1,0,1,0,0,0,0,0,0,0,0,0,0,0,0,1,1
200,2,13.0,0,0,1,0,0,0,0,1,0,0,0,0,0,0,0,0,1,0
201,3,9.5,0,0,1,0,0,0,0,0,1,0,0,0,0,0,0,0,0,0
202,3,69.55,0,0,1,1,0,0,0,0,0,0,0,0,0,0,8,2,0,0
203,3,6.4958,0,0,1,0,0,0,0,0,1,0,0,0,0,0,0,0,0,0
204,3,7.225,1,0,0,0,0,0,0,0,0,1,0,0,0,0,0,0,0,0
205,3,8.05,0,0,1,0,0,0,1,0,0,0,0,0,0,0,0,0,0,1
206,3,10.4625,0,0,1,0,1,0,0,0,0,0,0,0,0,0,0,1,1,0
207,3,15.85,0,0,1,0,0,0,0,0,1,0,0,0,0,0,1,0,0,0
208,3,18.7875,1,0,0,0,0,0,0,0,1,0,0,0,0,0,0,0,0,1
209,3,7.75,0,1,0,0,0,0,1,0,0,0,0,0,0,0,0,0,1,1
210,1,31.0,1,0,0,0,0,0,0,0,0,1,0,0,0,0,0,0,0,1
211,3,7.05,0,0,1,0,0,0,0,1,0,0,0,0,0,0,0,0,0,0
212,2,21.0,0,0,1,0,0,0,0,0,1,0,0,0,0,0,0,0,1,1
213,3,7.25,0,0,1,0,0,0,0,1,0,0,0,0,0,0,0,0,0,0
214,2,13.0,0,0,1,0,0,0,0,0,1,0,0,0,0,0,0,0,0,0
215,3,7.75,0,1,0,1,0,0,0,0,0,0,0,0,0,0,1,0,0,0
216,1,113.275,1,0,0,0,0,0,0,0,1,0,0,0,0,0,1,0,1,1
217,3,7.925,0,0,1,0,0,0,0,0,1,0,0,0,0,0,0,0,1,1
218,2,27.0,0,0,1,0,0,0,0,0,0,1,0,0,0,0,1,0,0,0
219,1,76.2917,1,0,0,0,0,0,0,0,1,0,0,0,0,0,0,0,1,1
220,2,10.5,0,0,1,0,0,0,0,0,1,0,0,0,0,0,0,0,0,0
221,3,8.05,0,0,1,0,0,0,1,0,0,0,0,0,0,0,0,0,0,1
222,2,13.0,0,0,1,0,0,0,0,0,1,0,0,0,0,0,0,0,0,0
223,3,8.05,0,0,1,0,0,0,0,0,0,0,1,0,0,0,0,0,0,0
224,3,7.8958,0,0,1,1,0,0,0,0,0,0,0,0,0,0,0,0,0,0
225,1,90.0,0,0,1,0,0,0,0,0,0,1,0,0,0,0,1,0,0,1
226,3,9.35,0,0,1,0,0,0,0,1,0,0,0,0,0,0,0,0,0,0
227,2,10.5,0,0,1,0,0,0,0,1,0,0,0,0,0,0,0,0,0,1
228,3,7.25,0,0,1,0,0,0,0,1,0,0,0,0,0,0,0,0,0,0
229,2,13.0,0,0,1,0,0,0,1,0,0,0,0,0,0,0,0,0,0,0
230,3,25.4667,0,0,1,1,0,0,0,0,0,0,0,0,0,0,3,1,1,0
231,1,83.475,0,0,1,0,0,0,0,0,1,0,0,0,0,0,1,0,1,1
232,3,7.775,0,0,1,0,0,0,0,0,1,0,0,0,0,0,0,0,0,0
233,2,13.5,0,0,1,0,0,0,0,0,0,0,0,1,0,0,0,0,0,0
234,3,31.3875,0,0,1,0,0,1,0,0,0,0,0,0,0,0,4,2,1,1
235,2,10.5,0,0,1,0,0,0,0,1,0,0,0,0,0,0,0,0,0,0
236,3,7.55,0,0,1,1,0,0,0,0,0,0,0,0,0,0,0,0,1,0
237,2,26.0,0,0,1,0,0,0,0,0,0,1,0,0,0,0,1,0,0,0
238,2,26.25,0,0,1,0,0,1,0,0,0,0,0,0,0,0,0,2,1,1
239,2,10.5,0,0,1,0,0,0,0,1,0,0,0,0,0,0,0,0,0,0
240,2,12.275,0,0,1,0,0,0,0,0,1,0,0,0,0,0,0,0,0,0
241,3,14.4542,1,0,0,1,0,0,0,0,0,0,0,0,0,0,1,0,1,0
242,3,15.5,0,1,0,1,0,0,0,0,0,0,0,0,0,0,1,0,1,1
243,2,10.5,0,0,1,0,0,0,0,0,1,0,0,0,0,0,0,0,0,0
244,3,7.125,0,0,1,0,0,0,0,1,0,0,0,0,0,0,0,0,0,0
245,3,7.225,1,0,0,0,0,0,0,0,1,0,0,0,0,0,0,0,0,0
246,1,90.0,0,1,0,0,0,0,0,0,0,1,0,0,0,0,2,0,0,0
247,3,7.775,0,0,1,0,0,0,0,1,0,0,0,0,0,0,0,0,1,0
248,2,14.5,0,0,1,0,0,0,0,1,0,0,0,0,0,0,0,2,1,1
249,1,52.5542,0,0,1,0,0,0,0,0,0,1,0,0,0,0,1,1,0,1
250,2,26.0,0,0,1,0,0,0,0,0,0,0,1,0,0,0,1,0,0,0
251,3,7.25,0,0,1,1,0,0,0,0,0,0,0,0,0,0,0,0,0,0
252,3,10.4625,0,0,1,0,0,0,0,0,1,0,0,0,0,0,1,1,1,0
253,1,26.55,0,0,1,0,0,0,0,0,0,0,0,1,0,0,0,0,0,0
254,3,16.1,0,0,1,0,0,0,0,0,1,0,0,0,0,0,1,0,0,0
255,3,20.2125,0,0,1,0,0,0,0,0,0,1,0,0,0,0,0,2,1,0
256,3,15.2458,1,0,0,0,0,0,0,0,1,0,0,0,0,0,0,2,1,1
257,1,79.2,1,0,0,1,0,0,0,0,0,0,0,0,0,0,0,0,1,1
258,1,86.5,0,0,1,0,0,0,0,0,1,0,0,0,0,0,0,0,1,1
259,1,512.3292,1,0,0,0,0,0,0,0,1,0,0,0,0,0,0,0,1,1
260,2,26.0,0,0,1,0,0,0,0,0,0,0,1,0,0,0,0,1,1,1
261,3,7.75,0,1,0,1,0,0,0,0,0,0,0,0,0,0,0,0,0,0
262,3,31.3875,0,0,1,0,0,1,0,0,0,0,0,0,0,0,4,2,0,1
263,1,79.65,0,0,1,0,0,0,0,0,0,0,1,0,0,0,1,1,0,0
264,1,0.0,0,0,1,0,0,0,0,0,0,1,0,0,0,0,0,0,0,0
265,3,7.75,0,1,0,1,0,0,0,0,0,0,0,0,0,0,0,0,1,0
266,2,10.5,0,0,1,0,0,0,0,0,0,1,0,0,0,0,0,0,0,0
267,3,39.6875,0,0,1,0,0,0,1,0,0,0,0,0,0,0,4,1,0,0
268,3,7.775,0,0,1,0,0,0,0,1,0,0,0,0,0,0,1,0,0,1
269,1,153.4625,0,0,1,0,0,0,0,0,0,0,0,1,0,0,0,1,1,1
270,1,135.6333,0,0,1,0,0,0,0,0,1,0,0,0,0,0,0,0,1,1
271,1,31.0,0,0,1,1,0,0,0,0,0,0,0,0,0,0,0,0,0,0
272,3,0.0,0,0,1,0,0,0,0,1,0,0,0,0,0,0,0,0,0,1
273,2,19.5,0,0,1,0,0,0,0,0,0,1,0,0,0,0,0,1,1,1
274,1,29.7,1,0,0,0,0,0,0,0,0,1,0,0,0,0,0,1,0,0
275,3,7.75,0,1,0,1,0,0,0,0,0,0,0,0,0,0,0,0,1,1
276,1,77.9583,0,0,1,0,0,0,0,0,0,0,0,1,0,0,1,0,1,1
277,3,7.75,0,0,1,0,0,0,0,0,0,1,0,0,0,0,0,0,1,0
278,2,0.0,0,0,1,1,0,0,0,0,0,0,0,0,0,0,0,0,0,0
279,3,29.125,0,1,0,0,0,1,0,0,0,0,0,0,0,0,4,1,0,0
280,3,20.25,0,0,1,0,0,0,0,0,1,0,0,0,0,0,1,1,1,1
281,3,7.75,0,1,0,0,0,0,0,0,0,0,0,1,0,0,0,0,0,0
282,3,7.8542,0,0,1,0,0,0,0,0,1,0,0,0,0,0,0,0,0,0
283,3,9.5,0,0,1,0,0,0,1,0,0,0,0,0,0,0,0,0,0,0
284,3,8.05,0,0,1,0,0,0,0,1,0,0,0,0,0,0,0,0,0,1
285,1,26.0,0,0,1,1,0,0,0,0,0,0,0,0,0,0,0,0,0,0
286,3,8.6625,1,0,0,0,0,0,0,0,1,0,0,0,0,0,0,0,0,0
287,3,9.5,0,0,1,0,0,0,0,0,1,0,0,0,0,0,0,0,0,1
288,3,7.8958,0,0,1,0,0,0,0,1,0,0,0,0,0,0,0,0,0,0
289,2,13.0,0,0,1,0,0,0,0,0,0,1,0,0,0,0,0,0,0,1
290,3,7.75,0,1,0,0,0,0,0,1,0,0,0,0,0,0,0,0,1,1
291,1,78.85,0,0,1,0,0,0,0,0,1,0,0,0,0,0,0,0,1,1
292,1,91.0792,1,0,0,0,0,0,0,1,0,0,0,0,0,0,1,0,1,1
293,2,12.875,1,0,0,0,0,0,0,0,0,1,0,0,0,0,0,0,0,0
294,3,8.85,0,0,1,0,0,0,0,1,0,0,0,0,0,0,0,0,1,0
295,3,7.8958,0,0,1,0,0,0,0,1,0,0,0,0,0,0,0,0,0,0
296,1,27.7208,1,0,0,1,0,0,0,0,0,0,0,0,0,0,0,0,0,0
297,3,7.2292,1,0,0,0,0,0,0,1,0,0,0,0,0,0,0,0,0,0
298,1,151.55,0,0,1,0,1,0,0,0,0,0,0,0,0,0,1,2,1,0
299,1,30.5,0,0,1,1,0,0,0,0,0,0,0,0,0,0,0,0,0,1
300,1,247.5208,1,0,0,0,0,0,0,0,0,0,1,0,0,0,0,1,1,1
301,3,7.75,0,1,0,1,0,0,0,0,0,0,0,0,0,0,0,0,1,1
302,3,23.25,0,1,0,1,0,0,0,0,0,0,0,0,0,0,2,0,0,1
303,3,0.0,0,0,1,0,0,0,0,1,0,0,0,0,0,0,0,0,0,0
304,2,12.35,0,1,0,1,0,0,0,0,0,0,0,0,0,0,0,0,1,1
305,3,8.05,0,0,1,1,0,0,0,0,0,0,0,0,0,0,0,0,0,0
306,1,151.55,0,0,1,0,1,0,0,0,0,0,0,0,0,0,1,2,0,1
307,1,110.8833,1,0,0,1,0,0,0,0,0,0,0,0,0,0,0,0,1,1
308,1,108.9,1,0,0,0,0,0,1,0,0,0,0,0,0,0,1,0,1,1
309,2,24.0,1,0,0,0,0,0,0,0,1,0,0,0,0,0,1,0,0,0
310,1,56.9292,1,0,0,0,0,0,0,0,1,0,0,0,0,0,0,0,1,1
311,1,83.1583,1,0,0,0,0,0,0,1,0,0,0,0,0,0,0,0,1,1
312,1,262.375,1,0,0,0,0,0,1,0,0,0,0,0,0,0,2,2,1,1
313,2,26.0,0,0,1,0,0,0,0,0,1,0,0,0,0,0,1,1,1,0
314,3,7.8958,0,0,1,0,0,0,0,0,1,0,0,0,0,0,0,0,0,0
315,2,26.25,0,0,1,0,0,0,0,0,0,1,0,0,0,0,1,1,0,0
316,3,7.8542,0,0,1,0,0,0,0,0,1,0,0,0,0,0,0,0,1,1
317,2,26.0,0,0,1,0,0,0,0,1,0,0,0,0,0,0,1,0,1,1
318,2,14.0,0,0,1,0,0,0,0,0,0,0,1,0,0,0,0,0,0,0
319,1,164.8667,0,0,1,0,0,0,0,0,1,0,0,0,0,0,0,2,1,1
320,1,134.5,1,0,0,0,0,0,0,0,0,1,0,0,0,0,1,1,1,1
321,3,7.25,0,0,1,0,0,0,0,1,0,0,0,0,0,0,0,0,0,0
322,3,7.8958,0,0,1,0,0,0,0,0,1,0,0,0,0,0,0,0,0,0
323,2,12.35,0,1,0,0,0,0,0,0,1,0,0,0,0,0,0,0,1,1
324,2,29.0,0,0,1,0,0,0,0,1,0,0,0,0,0,0,1,1,1,1
325,3,69.55,0,0,1,1,0,0,0,0,0,0,0,0,0,0,8,2,0,0
326,1,135.6333,1,0,0,0,0,0,0,0,0,1,0,0,0,0,0,0,1,1
327,3,6.2375,0,0,1,0,0,0,0,0,0,0,0,1,0,0,0,0,0,0
328,2,13.0,0,0,1,0,0,0,0,0,0,1,0,0,0,0,0,0,1,1
329,3,20.525,0,0,1,0,0,0,0,0,1,0,0,0,0,0,1,1,1,1
330,1,57.9792,1,0,0,0,0,0,1,0,0,0,0,0,0,0,0,1,1,1
331,3,23.25,0,1,0,1,0,0,0,0,0,0,0,0,0,0,2,0,1,1
332,1,28.5,0,0,1,0,0,0,0,0,0,1,0,0,0,0,0,0,0,0
333,1,153.4625,0,0,1,0,0,0,0,0,0,1,0,0,0,0,0,1,0,0
334,3,18.0,0,0,1,0,0,0,1,0,0,0,0,0,0,0,2,0,0,0
335,1,133.65,0,0,1,1,0,0,0,0,0,0,0,0,0,0,1,0,1,1
336,3,7.8958,0,0,1,1,0,0,0,0,0,0,0,0,0,0,0,0,0,0
337,1,66.6,0,0,1,0,0,0,0,0,1,0,0,0,0,0,1,0,0,0
338,1,134.5,1,0,0,0,0,0,0,0,0,1,0,0,0,0,0,0,1,1
339,3,8.05,0,0,1,0,0,0,0,0,0,1,0,0,0,0,0,0,0,1
340,1,35.5,0,0,1,0,0,0,0,0,0,1,0,0,0,0,0,0,0,0
341,2,26.0,0,0,1,0,1,0,0,0,0,0,0,0,0,0,1,1,0,1
342,1,263.0,0,0,1,0,0,0,0,1,0,0,0,0,0,0,3,2,1,1
343,2,13.0,0,0,1,0,0,0,0,0,1,0,0,0,0,0,0,0,0,0
344,2,13.0,0,0,1,0,0,0,0,1,0,0,0,0,0,0,0,0,0,0
345,2,13.0,0,0,1,0,0,0,0,0,0,1,0,0,0,0,0,0,0,0
346,2,13.0,0,0,1,0,0,0,0,1,0,0,0,0,0,0,0,0,1,1
347,2,13.0,0,0,1,0,0,0,0,0,0,1,0,0,0,0,0,0,1,1
348,3,16.1,0,0,1,1,0,0,0,0,0,0,0,0,0,0,1,0,1,1
349,3,15.9,0,0,1,0,0,1,0,0,0,0,0,0,0,0,1,1,0,1
350,3,8.6625,0,0,1,0,0,0,0,0,0,1,0,0,0,0,0,0,0,0
351,3,9.225,0,0,1,0,0,0,0,1,0,0,0,0,0,0,0,0,0,0
352,1,35.0,0,0,1,1,0,0,0,0,0,0,0,0,0,0,0,0,0,0
353,3,7.2292,1,0,0,0,0,0,1,0,0,0,0,0,0,0,1,1,0,0
354,3,17.8,0,0,1,0,0,0,0,1,0,0,0,0,0,0,1,0,0,0
355,3,7.225,1,0,0,1,0,0,0,0,0,0,0,0,0,0,0,0,0,0
356,3,9.5,0,0,1,0,0,0,0,0,1,0,0,0,0,0,0,0,0,0
357,1,55.0,0,0,1,0,0,0,0,1,0,0,0,0,0,0,0,1,1,1
358,2,13.0,0,0,1,0,0,0,0,0,0,1,0,0,0,0,0,0,1,0
359,3,7.8792,0,1,0,1,0,0,0,0,0,0,0,0,0,0,0,0,1,1
360,3,7.8792,0,1,0,1,0,0,0,0,0,0,0,0,0,0,0,0,1,1
361,3,27.9,0,0,1,0,0,0,0,0,0,1,0,0,0,0,1,4,0,0
362,2,27.7208,1,0,0,0,0,0,0,0,1,0,0,0,0,0,1,0,0,0
363,3,14.4542,1,0,0,0,0,0,0,0,0,1,0,0,0,0,0,1,1,0
364,3,7.05,0,0,1,0,0,0,0,0,1,0,0,0,0,0,0,0,0,0
365,3,15.5,0,1,0,1,0,0,0,0,0,0,0,0,0,0,1,0,0,0
366,3,7.25,0,0,1,0,0,0,0,0,1,0,0,0,0,0,0,0,0,0
367,1,75.25,1,0,0,0,0,0,0,0,0,0,0,1,0,0,1,0,1,1
368,3,7.2292,1,0,0,1,0,0,0,0,0,0,0,0,0,0,0,0,1,1
369,3,7.75,0,1,0,1,0,0,0,0,0,0,0,0,0,0,0,0,1,1
370,1,69.3,1,0,0,0,0,0,0,1,0,0,0,0,0,0,0,0,1,1
371,1,55.4417,1,0,0,0,0,0,0,1,0,0,0,0,0,0,1,0,0,1
372,3,6.4958,0,0,1,0,0,0,1,0,0,0,0,0,0,0,1,0,0,0
373,3,8.05,0,0,1,0,0,0,0,1,0,0,0,0,0,0,0,0,0,0
374,1,135.6333,1,0,0,0,0,0,0,1,0,0,0,0,0,0,0,0,0,0
375,3,21.075,0,0,1,0,0,1,0,0,0,0,0,0,0,0,3,1,1,0
376,1,82.1708,1,0,0,1,0,0,0,0,0,0,0,0,0,0,1,0,1,1
377,3,7.25,0,0,1,0,0,0,0,1,0,0,0,0,0,0,0,0,1,1
378,1,211.5,1,0,0,0,0,0,0,0,1,0,0,0,0,0,0,2,0,0
379,3,4.0125,1,0,0,0,0,0,0,1,0,0,0,0,0,0,0,0,0,0
380,3,7.775,0,0,1,0,0,0,0,1,0,0,0,0,0,0,0,0,0,0
381,1,227.525,1,0,0,0,0,0,0,0,0,1,0,0,0,0,0,0,1,1
382,3,15.7417,1,0,0,0,1,0,0,0,0,0,0,0,0,0,0,2,1,1
383,3,7.925,0,0,1,0,0,0,0,0,1,0,0,0,0,0,0,0,0,0
384,1,52.0,0,0,1,0,0,0,0,0,1,0,0,0,0,0,1,0,1,1
385,3,7.8958,0,0,1,1,0,0,0,0,0,0,0,0,0,0,0,0,0,0
386,2,73.5,0,0,1,0,0,0,1,0,0,0,0,0,0,0,0,0,0,0
387,3,46.9,0,0,1,0,1,0,0,0,0,0,0,0,0,0,5,2,0,0
388,2,13.0,0,0,1,0,0,0,0,0,0,1,0,0,0,0,0,0,1,1
389,3,7.7292,0,1,0,1,0,0,0,0,0,0,0,0,0,0,0,0,0,0
390,2,12.0,1,0,0,0,0,0,1,0,0,0,0,0,0,0,0,0,1,1
391,1,120.0,0,0,1,0,0,0,0,0,0,1,0,0,0,0,1,2,0,1
392,3,7.7958,0,0,1,0,0,0,0,1,0,0,0,0,0,0,0,0,0,1
393,3,7.925,0,0,1,0,0,0,0,0,1,0,0,0,0,0,2,0,0,0
394,1,113.275,1,0,0,0,0,0,0,1,0,0,0,0,0,0,1,0,1,1
395,3,16.7,0,0,1,0,0,0,0,1,0,0,0,0,0,0,0,2,1,1
396,3,7.7958,0,0,1,0,0,0,0,1,0,0,0,0,0,0,0,0,0,0
397,3,7.8542,0,0,1,0,0,0,0,0,1,0,0,0,0,0,0,0,1,0
398,2,26.0,0,0,1,0,0,0,0,0,0,0,1,0,0,0,0,0,0,0
399,2,10.5,0,0,1,0,0,0,0,1,0,0,0,0,0,0,0,0,0,0
400,2,12.65,0,0,1,0,0,0,0,0,1,0,0,0,0,0,0,0,1,1
401,3,7.925,0,0,1,0,0,0,0,0,0,1,0,0,0,0,0,0,0,1
402,3,8.05,0,0,1,0,0,0,0,0,1,0,0,0,0,0,0,0,0,0
403,3,9.825,0,0,1,0,0,0,0,1,0,0,0,0,0,0,1,0,1,0
404,3,15.85,0,0,1,0,0,0,0,0,1,0,0,0,0,0,1,0,0,0
405,3,8.6625,0,0,1,0,0,0,0,1,0,0,0,0,0,0,0,0,1,0
406,2,21.0,0,0,1,0,0,0,0,0,1,0,0,0,0,0,1,0,0,0
407,3,7.75,0,0,1,0,0,0,0,0,0,0,1,0,0,0,0,0,0,0
408,2,18.75,0,0,1,0,0,1,0,0,0,0,0,0,0,0,1,1,0,1
409,3,7.775,0,0,1,0,0,0,0,1,0,0,0,0,0,0,0,0,0,0
410,3,25.4667,0,0,1,1,0,0,0,0,0,0,0,0,0,0,3,1,1,0
411,3,7.8958,0,0,1,1,0,0,0,0,0,0,0,0,0,0,0,0,0,0
412,3,6.8583,0,1,0,1,0,0,0,0,0,0,0,0,0,0,0,0,0,0
413,1,90.0,0,1,0,0,0,0,0,0,1,0,0,0,0,0,1,0,1,1
414,2,0.0,0,0,1,1,0,0,0,0,0,0,0,0,0,0,0,0,0,0
415,3,7.925,0,0,1,0,0,0,0,0,0,1,0,0,0,0,0,0,0,1
416,3,8.05,0,0,1,1,0,0,0,0,0,0,0,0,0,0,0,0,1,0
417,2,32.5,0,0,1,0,0,0,0,0,1,0,0,0,0,0,1,1,1,1
418,2,13.0,0,0,1,0,0,0,1,0,0,0,0,0,0,0,0,2,1,1
419,2,13.0,0,0,1,0,0,0,0,0,1,0,0,0,0,0,0,0,0,0
420,3,24.15,0,0,1,0,0,1,0,0,0,0,0,0,0,0,0,2,1,0
421,3,7.8958,1,0,0,1,0,0,0,0,0,0,0,0,0,0,0,0,0,0
422,3,7.7333,0,1,0,0,0,0,0,1,0,0,0,0,0,0,0,0,0,0
423,3,7.875,0,0,1,0,0,0,0,0,1,0,0,0,0,0,0,0,0,0
424,3,14.4,0,0,1,0,0,0,0,0,1,0,0,0,0,0,1,1,1,0
425,3,20.2125,0,0,1,0,0,0,1,0,0,0,0,0,0,0,1,1,0,0
426,3,7.25,0,0,1,1,0,0,0,0,0,0,0,0,0,0,0,0,0,0
427,2,26.0,0,0,1,0,0,0,0,0,1,0,0,0,0,0,1,0,1,1
428,2,26.0,0,0,1,0,0,0,0,1,0,0,0,0,0,0,0,0,1,1
429,3,7.75,0,1,0,1,0,0,0,0,0,0,0,0,0,0,0,0,0,0
430,3,8.05,0,0,1,0,0,0,0,0,1,0,0,0,0,0,0,0,0,1
431,1,26.55,0,0,1,0,0,0,0,0,1,0,0,0,0,0,0,0,0,1
432,3,16.1,0,0,1,1,0,0,0,0,0,0,0,0,0,0,1,0,1,1
433,2,26.0,0,0,1,0,0,0,0,0,0,1,0,0,0,0,1,0,1,1
434,3,7.125,0,0,1,0,0,0,1,0,0,0,0,0,0,0,0,0,0,0
435,1,55.9,0,0,1,0,0,0,0,0,0,0,1,0,0,0,1,0,0,0
436,1,120.0,0,0,1,0,0,0,1,0,0,0,0,0,0,0,1,2,1,1
437,3,34.375,0,0,1,0,0,0,0,1,0,0,0,0,0,0,2,2,1,0
438,2,18.75,0,0,1,0,0,0,0,1,0,0,0,0,0,0,2,3,1,1
439,1,263.0,0,0,1,0,0,0,0,0,0,0,0,1,0,0,1,4,0,0
440,2,10.5,0,0,1,0,0,0,0,0,1,0,0,0,0,0,0,0,0,0
441,2,26.25,0,0,1,0,0,0,0,0,0,1,0,0,0,0,1,1,1,1
442,3,9.5,0,0,1,0,0,0,0,1,0,0,0,0,0,0,0,0,0,0
443,3,7.775,0,0,1,0,0,0,0,1,0,0,0,0,0,0,1,0,0,0
444,2,13.0,0,0,1,0,0,0,0,0,1,0,0,0,0,0,0,0,1,1
445,3,8.1125,0,0,1,1,0,0,0,0,0,0,0,0,0,0,0,0,0,1
446,1,81.8583,0,0,1,0,0,1,0,0,0,0,0,0,0,0,0,2,0,1
447,2,19.5,0,0,1,0,0,0,1,0,0,0,0,0,0,0,0,1,1,1
448,1,26.55,0,0,1,0,0,0,0,0,1,0,0,0,0,0,0,0,0,1
449,3,19.2583,1,0,0,0,0,1,0,0,0,0,0,0,0,0,2,1,1,1
450,1,30.5,0,0,1,0,0,0,0,0,0,0,1,0,0,0,0,0,0,1
451,2,27.75,0,0,1,0,0,0,0,0,0,1,0,0,0,0,1,2,0,0
452,3,19.9667,0,0,1,1,0,0,0,0,0,0,0,0,0,0,1,0,0,0
453,1,27.75,1,0,0,0,0,0,0,0,1,0,0,0,0,0,0,0,0,0
454,1,89.1042,1,0,0,0,0,0,0,0,0,0,1,0,0,0,1,0,0,1
455,3,8.05,0,0,1,1,0,0,0,0,0,0,0,0,0,0,0,0,0,0
456,3,7.8958,1,0,0,0,0,0,0,0,1,0,0,0,0,0,0,0,0,1
457,1,26.55,0,0,1,0,0,0,0,0,0,0,0,1,0,0,0,0,0,0
458,1,51.8625,0,0,1,1,0,0,0,0,0,0,0,0,0,0,1,0,1,1
459,2,10.5,0,0,1,0,0,0,0,0,0,0,1,0,0,0,0,0,1,1
460,3,7.75,0,1,0,1,0,0,0,0,0,0,0,0,0,0,0,0,0,0
461,1,26.55,0,0,1,0,0,0,0,0,0,0,1,0,0,0,0,0,0,1
462,3,8.05,0,0,1,0,0,0,0,0,1,0,0,0,0,0,0,0,0,0
463,1,38.5,0,0,1,0,0,0,0,0,0,0,1,0,0,0,0,0,0,0
464,2,13.0,0,0,1,0,0,0,0,0,0,0,1,0,0,0,0,0,0,0
465,3,8.05,0,0,1,1,0,0,0,0,0,0,0,0,0,0,0,0,0,0
466,3,7.05,0,0,1,0,0,0,0,0,0,1,0,0,0,0,0,0,0,0
467,2,0.0,0,0,1,1,0,0,0,0,0,0,0,0,0,0,0,0,0,0
468,1,26.55,0,0,1,0,0,0,0,0,0,0,0,1,0,0,0,0,0,0
469,3,7.725,0,1,0,1,0,0,0,0,0,0,0,0,0,0,0,0,0,0
470,3,19.2583,1,0,0,0,1,0,0,0,0,0,0,0,0,0,2,1,1,1
471,3,7.25,0,0,1,1,0,0,0,0,0,0,0,0,0,0,0,0,0,0
472,3,8.6625,0,0,1,0,0,0,0,0,0,1,0,0,0,0,0,0,0,0
473,2,27.75,0,0,1,0,0,0,0,0,1,0,0,0,0,0,1,2,1,1
474,2,13.7917,1,0,0,0,0,0,0,1,0,0,0,0,0,0,0,0,1,1
475,3,9.8375,0,0,1,0,0,0,0,1,0,0,0,0,0,0,0,0,1,0
476,1,52.0,0,0,1,1,0,0,0,0,0,0,0,0,0,0,0,0,0,0
477,2,21.0,0,0,1,0,0,0,0,0,1,0,0,0,0,0,1,0,0,0
478,3,7.0458,0,0,1,0,0,0,0,0,1,0,0,0,0,0,1,0,0,0
479,3,7.5208,0,0,1,0,0,0,0,1,0,0,0,0,0,0,0,0,0,0
480,3,12.2875,0,0,1,0,1,0,0,0,0,0,0,0,0,0,0,1,1,1
481,3,46.9,0,0,1,0,0,1,0,0,0,0,0,0,0,0,5,2,0,0
482,2,0.0,0,0,1,1,0,0,0,0,0,0,0,0,0,0,0,0,0,0
483,3,8.05,0,0,1,0,0,0,0,0,0,0,1,0,0,0,0,0,0,0
484,3,9.5875,0,0,1,0,0,0,0,0,0,0,0,1,0,0,0,0,1,1
485,1,91.0792,1,0,0,0,0,0,0,1,0,0,0,0,0,0,1,0,0,1
486,3,25.4667,0,0,1,1,0,0,0,0,0,0,0,0,0,0,3,1,1,0
487,1,90.0,0,0,1,0,0,0,0,0,1,0,0,0,0,0,1,0,1,1
488,1,29.7,1,0,0,0,0,0,0,0,0,0,0,1,0,0,0,0,0,0
489,3,8.05,0,0,1,0,0,0,0,0,1,0,0,0,0,0,0,0,0,0
490,3,15.9,0,0,1,0,0,1,0,0,0,0,0,0,0,0,1,1,0,1
491,3,19.9667,0,0,1,1,0,0,0,0,0,0,0,0,0,0,1,0,0,0
492,3,7.25,0,0,1,0,0,0,0,1,0,0,0,0,0,0,0,0,0,0
493,1,30.5,0,0,1,0,0,0,0,0,0,0,1,0,0,0,0,0,0,0
494,1,49.5042,1,0,0,0,0,0,0,0,0,0,0,0,1,0,0,0,0,0
495,3,8.05,0,0,1,0,0,0,0,1,0,0,0,0,0,0,0,0,0,0
496,3,14.4583,1,0,0,1,0,0,0,0,0,0,0,0,0,0,0,0,0,0
497,1,78.2667,1,0,0,0,0,0,0,0,0,0,1,0,0,0,1,0,1,1
498,3,15.1,0,0,1,1,0,0,0,0,0,0,0,0,0,0,0,0,0,0
499,1,151.55,0,0,1,0,0,0,0,1,0,0,0,0,0,0,1,2,1,0
500,3,7.7958,0,0,1,0,0,0,0,1,0,0,0,0,0,0,0,0,0,0
501,3,8.6625,0,0,1,0,0,0,1,0,0,0,0,0,0,0,0,0,0,0
502,3,7.75,0,1,0,0,0,0,0,1,0,0,0,0,0,0,0,0,1,0
503,3,7.6292,0,1,0,1,0,0,0,0,0,0,0,0,0,0,0,0,1,0
504,3,9.5875,0,0,1,0,0,0,0,0,0,1,0,0,0,0,0,0,1,0
505,1,86.5,0,0,1,0,0,0,1,0,0,0,0,0,0,0,0,0,1,1
506,1,108.9,1,0,0,0,0,0,1,0,0,0,0,0,0,0,1,0,0,0
507,2,26.0,0,0,1,0,0,0,0,0,1,0,0,0,0,0,0,2,1,1
508,1,26.55,0,0,1,1,0,0,0,0,0,0,0,0,0,0,0,0,0,1
509,3,22.525,0,0,1,0,0,0,0,0,1,0,0,0,0,0,0,0,0,0
510,3,56.4958,0,0,1,0,0,0,0,0,1,0,0,0,0,0,0,0,0,1
511,3,7.75,0,1,0,0,0,0,0,0,1,0,0,0,0,0,0,0,0,1
512,3,8.05,0,0,1,1,0,0,0,0,0,0,0,0,0,0,0,0,0,0
513,1,26.2875,0,0,1,0,0,0,0,0,0,1,0,0,0,0,0,0,0,1
514,1,59.4,1,0,0,0,0,0,0,0,0,0,1,0,0,0,1,0,1,1
515,3,7.4958,0,0,1,0,0,0,0,1,0,0,0,0,0,0,0,0,0,0
516,1,34.0208,0,0,1,0,0,0,0,0,0,0,1,0,0,0,0,0,0,0
517,2,10.5,0,0,1,0,0,0,0,0,1,0,0,0,0,0,0,0,1,1
518,3,24.15,0,1,0,1,0,0,0,0,0,0,0,0,0,0,0,0,0,0
519,2,26.0,0,0,1,0,0,0,0,0,0,1,0,0,0,0,1,0,1,1
520,3,7.8958,0,0,1,0,0,0,0,0,1,0,0,0,0,0,0,0,0,0
521,1,93.5,0,0,1,0,0,0,0,0,1,0,0,0,0,0,0,0,1,1
522,3,7.8958,0,0,1,0,0,0,0,1,0,0,0,0,0,0,0,0,0,0
523,3,7.225,1,0,0,1,0,0,0,0,0,0,0,0,0,0,0,0,0,0
524,1,57.9792,1,0,0,0,0,0,0,0,0,1,0,0,0,0,0,1,1,1
525,3,7.2292,1,0,0,1,0,0,0,0,0,0,0,0,0,0,0,0,0,0
526,3,7.75,0,1,0,0,0,0,0,0,0,1,0,0,0,0,0,0,0,0
527,2,10.5,0,0,1,0,0,0,0,0,0,0,1,0,0,0,0,0,1,1
528,1,221.7792,0,0,1,1,0,0,0,0,0,0,0,0,0,0,0,0,0,0
529,3,7.925,0,0,1,0,0,0,0,0,0,1,0,0,0,0,0,0,0,0
530,2,11.5,0,0,1,0,0,0,0,1,0,0,0,0,0,0,2,1,0,0
531,2,26.0,0,0,1,0,1,0,0,0,0,0,0,0,0,0,1,1,1,1
532,3,7.2292,1,0,0,1,0,0,0,0,0,0,0,0,0,0,0,0,0,0
533,3,7.2292,1,0,0,0,0,0,1,0,0,0,0,0,0,0,1,1,0,0
534,3,22.3583,1,0,0,1,0,0,0,0,0,0,0,0,0,0,0,2,1,1
535,3,8.6625,0,0,1,0,0,0,0,0,1,0,0,0,0,0,0,0,1,0
536,2,26.25,0,0,1,0,0,1,0,0,0,0,0,0,0,0,0,2,1,1
537,1,26.55,0,0,1,0,0,0,0,0,0,1,0,0,0,0,0,0,0,0
538,1,106.425,1,0,0,0,0,0,0,0,1,0,0,0,0,0,0,0,1,1
539,3,14.5,0,0,1,1,0,0,0,0,0,0,0,0,0,0,0,0,0,0
540,1,49.5,1,0,0,0,0,0,0,1,0,0,0,0,0,0,0,2,1,1
541,1,71.0,0,0,1,0,0,0,0,0,0,1,0,0,0,0,0,2,1,1
542,3,31.275,0,0,1,0,0,1,0,0,0,0,0,0,0,0,4,2,1,0
543,3,31.275,0,0,1,0,0,1,0,0,0,0,0,0,0,0,4,2,1,0
544,2,26.0,0,0,1,0,0,0,0,0,1,0,0,0,0,0,1,0,0,1
545,1,106.425,1,0,0,0,0,0,0,0,0,0,1,0,0,0,1,0,0,0
546,1,26.0,0,0,1,0,0,0,0,0,0,0,0,1,0,0,0,0,0,0
547,2,26.0,0,0,1,0,0,0,0,1,0,0,0,0,0,0,1,0,1,1
548,2,13.8625,1,0,0,1,0,0,0,0,0,0,0,0,0,0,0,0,0,1
549,3,20.525,0,0,1,0,0,0,0,0,1,0,0,0,0,0,1,1,0,0
550,2,36.75,0,0,1,0,0,1,0,0,0,0,0,0,0,0,1,1,0,1
551,1,110.8833,1,0,0,0,0,0,1,0,0,0,0,0,0,0,0,2,0,1
552,2,26.0,0,0,1,0,0,0,0,0,1,0,0,0,0,0,0,0,0,0
553,3,7.8292,0,1,0,1,0,0,0,0,0,0,0,0,0,0,0,0,0,0
554,3,7.225,1,0,0,0,0,0,0,1,0,0,0,0,0,0,0,0,0,1
555,3,7.775,0,0,1,0,0,0,0,1,0,0,0,0,0,0,0,0,1,1
556,1,26.55,0,0,1,0,0,0,0,0,0,0,0,1,0,0,0,0,0,0
557,1,39.6,1,0,0,0,0,0,0,0,0,0,1,0,0,0,1,0,1,1
558,1,227.525,1,0,0,1,0,0,0,0,0,0,0,0,0,0,0,0,0,0
559,1,79.65,0,0,1,0,0,0,0,0,0,1,0,0,0,0,1,1,1,1
560,3,17.4,0,0,1,0,0,0,0,0,0,1,0,0,0,0,1,0,1,1
561,3,7.75,0,1,0,1,0,0,0,0,0,0,0,0,0,0,0,0,0,0
562,3,7.8958,0,0,1,0,0,0,0,0,0,1,0,0,0,0,0,0,0,0
563,2,13.5,0,0,1,0,0,0,0,0,1,0,0,0,0,0,0,0,0,0
564,3,8.05,0,0,1,1,0,0,0,0,0,0,0,0,0,0,0,0,0,0
565,3,8.05,0,0,1,1,0,0,0,0,0,0,0,0,0,0,0,0,1,0
566,3,24.15,0,0,1,0,0,0,0,1,0,0,0,0,0,0,2,0,0,0
567,3,7.8958,0,0,1,0,0,0,0,1,0,0,0,0,0,0,0,0,0,0
568,3,21.075,0,0,1,0,0,0,0,0,1,0,0,0,0,0,0,4,1,0
569,3,7.2292,1,0,0,1,0,0,0,0,0,0,0,0,0,0,0,0,0,0
570,3,7.8542,0,0,1,0,0,0,0,0,1,0,0,0,0,0,0,0,0,1
571,2,10.5,0,0,1,0,0,0,0,0,0,0,0,1,0,0,0,0,0,1
572,1,51.4792,0,0,1,0,0,0,0,0,0,0,1,0,0,0,2,0,1,1
573,1,26.3875,0,0,1,0,0,0,0,0,0,1,0,0,0,0,0,0,0,1
574,3,7.75,0,1,0,1,0,0,0,0,0,0,0,0,0,0,0,0,1,1
575,3,8.05,0,0,1,0,0,0,1,0,0,0,0,0,0,0,0,0,0,0
576,3,14.5,0,0,1,0,0,0,0,1,0,0,0,0,0,0,0,0,0,0
577,2,13.0,0,0,1,0,0,0,0,0,1,0,0,0,0,0,0,0,1,1
578,1,55.9,0,0,1,0,0,0,0,0,0,1,0,0,0,0,1,0,1,1
579,3,14.4583,1,0,0,1,0,0,0,0,0,0,0,0,0,0,1,0,1,0
580,3,7.925,0,0,1,0,0,0,0,0,1,0,0,0,0,0,0,0,0,1
581,2,30.0,0,0,1,0,0,0,0,1,0,0,0,0,0,0,1,1,1,1
582,1,110.8833,1,0,0,0,0,0,0,0,0,1,0,0,0,0,1,1,1,1
583,2,26.0,0,0,1,0,0,0,0,0,0,0,1,0,0,0,0,0,0,0
584,1,40.125,1,0,0,0,0,0,0,0,0,1,0,0,0,0,0,0,0,0
585,3,8.7125,1,0,0,1,0,0,0,0,0,0,0,0,0,0,0,0,0,0
586,1,79.65,0,0,1,0,0,0,1,0,0,0,0,0,0,0,0,2,1,1
587,2,15.0,0,0,1,0,0,0,0,0,0,0,1,0,0,0,0,0,0,0
588,1,79.2,1,0,0,0,0,0,0,0,0,0,0,1,0,0,1,1,0,1
589,3,8.05,0,0,1,0,0,0,0,1,0,0,0,0,0,0,0,0,0,0
590,3,8.05,0,0,1,1,0,0,0,0,0,0,0,0,0,0,0,0,0,0
591,3,7.125,0,0,1,0,0,0,0,0,1,0,0,0,0,0,0,0,0,0
592,1,78.2667,1,0,0,0,0,0,0,0,0,0,1,0,0,0,1,0,1,1
593,3,7.25,0,0,1,0,0,0,0,0,0,0,1,0,0,0,0,0,0,0
594,3,7.75,0,1,0,1,0,0,0,0,0,0,0,0,0,0,0,2,1,0
595,2,26.0,0,0,1,0,0,0,0,0,0,1,0,0,0,0,1,0,0,0
596,3,24.15,0,0,1,0,0,0,0,0,0,1,0,0,0,0,1,1,0,0
597,2,33.0,0,0,1,1,0,0,0,0,0,0,0,0,0,0,0,0,1,1
598,3,0.0,0,0,1,0,0,0,0,0,0,0,1,0,0,0,0,0,0,0
599,3,7.225,1,0,0,1,0,0,0,0,0,0,0,0,0,0,0,0,0,0
600,1,56.9292,1,0,0,0,0,0,0,0,0,0,1,0,0,0,1,0,0,1
601,2,27.0,0,0,1,0,0,0,0,1,0,0,0,0,0,0,2,1,1,1
602,3,7.8958,0,0,1,1,0,0,0,0,0,0,0,0,0,0,0,0,0,0
603,1,42.4,0,0,1,1,0,0,0,0,0,0,0,0,0,0,0,0,0,0
604,3,8.05,0,0,1,0,0,0,0,0,0,1,0,0,0,0,0,0,0,0
605,1,26.55,1,0,0,0,0,0,0,0,1,0,0,0,0,0,0,0,0,1
606,3,15.55,0,0,1,0,0,0,0,0,0,1,0,0,0,0,1,0,0,0
607,3,7.8958,0,0,1,0,0,0,0,0,1,0,0,0,0,0,0,0,0,0
608,1,30.5,0,0,1,0,0,0,0,0,1,0,0,0,0,0,0,0,0,1
609,2,41.5792,1,0,0,0,0,0,0,1,0,0,0,0,0,0,1,2,1,1
610,1,153.4625,0,0,1,0,0,0,0,0,0,1,0,0,0,0,0,0,1,1
611,3,31.275,0,0,1,0,0,0,0,0,0,1,0,0,0,0,1,5,1,0
612,3,7.05,0,0,1,1,0,0,0,0,0,0,0,0,0,0,0,0,0,0
613,3,15.5,0,1,0,1,0,0,0,0,0,0,0,0,0,0,1,0,1,1
614,3,7.75,0,1,0,1,0,0,0,0,0,0,0,0,0,0,0,0,0,0
615,3,8.05,0,0,1,0,0,0,0,0,1,0,0,0,0,0,0,0,0,0
616,2,65.0,0,0,1,0,0,0,0,1,0,0,0,0,0,0,1,2,1,1
617,3,14.4,0,0,1,0,0,0,0,0,1,0,0,0,0,0,1,1,0,0
618,3,16.1,0,0,1,0,0,0,0,0,1,0,0,0,0,0,1,0,1,0
619,2,39.0,0,0,1,0,0,1,0,0,0,0,0,0,0,0,2,1,1,1
620,2,10.5,0,0,1,0,0,0,0,0,1,0,0,0,0,0,0,0,0,0
621,3,14.4542,1,0,0,0,0,0,0,0,1,0,0,0,0,0,1,0,0,0
622,1,52.5542,0,0,1,0,0,0,0,0,0,1,0,0,0,0,1,0,0,1
623,3,15.7417,1,0,0,0,0,0,0,1,0,0,0,0,0,0,1,1,0,1
624,3,7.8542,0,0,1,0,0,0,0,1,0,0,0,0,0,0,0,0,0,0
625,3,16.1,0,0,1,0,0,0,0,1,0,0,0,0,0,0,0,0,0,0
626,1,32.3208,0,0,1,0,0,0,0,0,0,0,0,1,0,0,0,0,0,0
627,2,12.35,0,1,0,0,0,0,0,0,0,0,0,1,0,0,0,0,0,0
628,1,77.9583,0,0,1,0,0,0,0,1,0,0,0,0,0,0,0,0,1,1
629,3,7.8958,0,0,1,0,0,0,0,0,1,0,0,0,0,0,0,0,0,0
630,3,7.7333,0,1,0,1,0,0,0,0,0,0,0,0,0,0,0,0,0,0
631,1,30.0,0,0,1,0,0,0,0,0,0,0,0,0,0,1,0,0,0,1
632,3,7.0542,0,0,1,0,0,0,0,0,0,0,1,0,0,0,0,0,0,0
633,1,30.5,1,0,0,0,0,0,0,0,1,0,0,0,0,0,0,0,0,1
634,1,0.0,0,0,1,1,0,0,0,0,0,0,0,0,0,0,0,0,0,0
635,3,27.9,0,0,1,0,0,1,0,0,0,0,0,0,0,0,3,2,1,0
636,2,13.0,0,0,1,0,0,0,0,0,1,0,0,0,0,0,0,0,1,1
637,3,7.925,0,0,1,0,0,0,0,0,1,0,0,0,0,0,0,0,0,0
638,2,26.25,0,0,1,0,0,0,0,0,1,0,0,0,0,0,1,1,0,0
639,3,39.6875,0,0,1,0,0,0,0,0,0,1,0,0,0,0,0,5,1,0
640,3,16.1,0,0,1,1,0,0,0,0,0,0,0,0,0,0,1,0,0,0
641,3,7.8542,0,0,1,0,0,0,0,1,0,0,0,0,0,0,0,0,0,0
642,1,69.3,1,0,0,0,0,0,0,1,0,0,0,0,0,0,0,0,1,1
643,3,27.9,0,0,1,0,1,0,0,0,0,0,0,0,0,0,3,2,1,0
644,3,56.4958,0,0,1,1,0,0,0,0,0,0,0,0,0,0,0,0,0,1
645,3,19.2583,1,0,0,0,1,0,0,0,0,0,0,0,0,0,2,1,1,1
646,1,76.7292,1,0,0,0,0,0,0,0,0,0,1,0,0,0,1,0,0,1
647,3,7.8958,0,0,1,0,0,0,0,1,0,0,0,0,0,0,0,0,0,0
648,1,35.5,1,0,0,0,0,0,0,0,0,0,0,1,0,0,0,0,0,1
649,3,7.55,0,0,1,1,0,0,0,0,0,0,0,0,0,0,0,0,0,0
650,3,7.55,0,0,1,0,0,0,0,1,0,0,0,0,0,0,0,0,1,1
651,3,7.8958,0,0,1,1,0,0,0,0,0,0,0,0,0,0,0,0,0,0
652,2,23.0,0,0,1,0,0,0,1,0,0,0,0,0,0,0,0,1,1,1
653,3,8.4333,0,0,1,0,0,0,0,1,0,0,0,0,0,0,0,0,0,0
654,3,7.8292,0,1,0,1,0,0,0,0,0,0,0,0,0,0,0,0,1,1
655,3,6.75,0,1,0,0,0,0,1,0,0,0,0,0,0,0,0,0,1,0
656,2,73.5,0,0,1,0,0,0,0,1,0,0,0,0,0,0,2,0,0,0
657,3,7.8958,0,0,1,1,0,0,0,0,0,0,0,0,0,0,0,0,0,0
658,3,15.5,0,1,0,0,0,0,0,0,1,0,0,0,0,0,1,1,1,0
659,2,13.0,0,0,1,0,0,0,0,1,0,0,0,0,0,0,0,0,0,0
660,1,113.275,1,0,0,0,0,0,0,0,0,0,0,1,0,0,0,2,0,0
661,1,133.65,0,0,1,0,0,0,0,0,0,0,1,0,0,0,2,0,0,1
662,3,7.225,1,0,0,0,0,0,0,0,0,1,0,0,0,0,0,0,0,0
663,1,25.5875,0,0,1,0,0,0,0,0,0,0,1,0,0,0,0,0,0,0
664,3,7.4958,0,0,1,0,0,0,0,0,0,1,0,0,0,0,0,0,0,0
665,3,7.925,0,0,1,0,0,0,0,1,0,0,0,0,0,0,1,0,0,1
666,2,73.5,0,0,1,0,0,0,0,0,1,0,0,0,0,0,2,0,0,0
667,2,13.0,0,0,1,0,0,0,0,1,0,0,0,0,0,0,0,0,0,0
668,3,7.775,0,0,1,1,0,0,0,0,0,0,0,0,0,0,0,0,0,0
669,3,8.05,0,0,1,0,0,0,0,0,0,1,0,0,0,0,0,0,0,0
670,1,52.0,0,0,1,1,0,0,0,0,0,0,0,0,0,0,1,0,1,1
671,2,39.0,0,0,1,0,0,0,0,0,0,1,0,0,0,0,1,1,1,1
672,1,52.0,0,0,1,0,0,0,0,0,1,0,0,0,0,0,1,0,0,0
673,2,10.5,0,0,1,0,0,0,0,0,0,0,0,0,1,0,0,0,0,0
674,2,13.0,0,0,1,0,0,0,0,0,1,0,0,0,0,0,0,0,0,1
675,2,0.0,0,0,1,1,0,0,0,0,0,0,0,0,0,0,0,0,0,0
676,3,7.775,0,0,1,0,0,0,1,0,0,0,0,0,0,0,0,0,0,0
677,3,8.05,0,0,1,0,0,0,0,1,0,0,0,0,0,0,0,0,0,0
678,3,9.8417,0,0,1,0,0,0,1,0,0,0,0,0,0,0,0,0,1,1
679,3,46.9,0,0,1,0,0,0,0,0,0,1,0,0,0,0,1,6,1,0
680,1,512.3292,1,0,0,0,0,0,0,0,0,1,0,0,0,0,0,1,0,1
681,3,8.1375,0,1,0,1,0,0,0,0,0,0,0,0,0,0,0,0,1,0
682,1,76.7292,1,0,0,0,0,0,0,0,1,0,0,0,0,0,0,0,0,1
683,3,9.225,0,0,1,0,0,0,0,1,0,0,0,0,0,0,0,0,0,0
684,3,46.9,0,0,1,0,0,0,1,0,0,0,0,0,0,0,5,2,0,0
685,2,39.0,0,0,1,0,0,0,0,0,0,0,0,1,0,0,1,1,0,0
686,2,41.5792,1,0,0,0,0,0,0,1,0,0,0,0,0,0,1,2,0,0
687,3,39.6875,0,0,1,0,0,0,1,0,0,0,0,0,0,0,4,1,0,0
688,3,10.1708,0,0,1,0,0,0,0,1,0,0,0,0,0,0,0,0,0,0
689,3,7.7958,0,0,1,0,0,0,1,0,0,0,0,0,0,0,0,0,0,0
690,1,211.3375,0,0,1,0,0,0,1,0,0,0,0,0,0,0,0,1,1,1
691,1,57.0,0,0,1,0,0,0,0,0,1,0,0,0,0,0,1,0,0,1
692,3,13.4167,1,0,0,0,0,1,0,0,0,0,0,0,0,0,0,1,1,1
693,3,56.4958,0,0,1,1,0,0,0,0,0,0,0,0,0,0,0,0,0,1
694,3,7.225,1,0,0,0,0,0,0,1,0,0,0,0,0,0,0,0,0,0
695,1,26.55,0,0,1,0,0,0,0,0,0,0,0,1,0,0,0,0,0,0
696,2,13.5,0,0,1,0,0,0,0,0,0,0,1,0,0,0,0,0,0,0
697,3,8.05,0,0,1,0,0,0,0,0,0,1,0,0,0,0,0,0,0,0
698,3,7.7333,0,1,0,1,0,0,0,0,0,0,0,0,0,0,0,0,1,1
699,1,110.8833,1,0,0,0,0,0,0,0,0,0,1,0,0,0,1,1,0,0
700,3,7.65,0,0,1,0,0,0,0,0,0,1,0,0,0,0,0,0,0,0
701,1,227.525,1,0,0,0,0,0,1,0,0,0,0,0,0,0,1,0,1,1
702,1,26.2875,0,0,1,0,0,0,0,0,1,0,0,0,0,0,0,0,0,1
703,3,14.4542,1,0,0,0,0,0,1,0,0,0,0,0,0,0,0,1,1,0
704,3,7.7417,0,1,0,0,0,0,0,1,0,0,0,0,0,0,0,0,0,0
705,3,7.8542,0,0,1,0,0,0,0,0,1,0,0,0,0,0,1,0,0,0
706,2,26.0,0,0,1,0,0,0,0,0,0,1,0,0,0,0,0,0,0,0
707,2,13.5,0,0,1,0,0,0,0,0,0,1,0,0,0,0,0,0,1,1
708,1,26.2875,0,0,1,0,0,0,0,0,0,1,0,0,0,0,0,0,0,1
709,1,151.55,0,0,1,0,0,0,0,1,0,0,0,0,0,0,0,0,1,1
710,3,15.2458,1,0,0,1,0,0,0,0,0,0,0,0,0,0,1,1,0,1
711,1,49.5042,1,0,0,0,0,0,0,1,0,0,0,0,0,0,0,0,1,1
712,1,26.55,0,0,1,1,0,0,0,0,0,0,0,0,0,0,0,0,0,0
713,1,52.0,0,0,1,0,0,0,0,0,0,0,1,0,0,0,1,0,0,1
714,3,9.4833,0,0,1,0,0,0,0,0,1,0,0,0,0,0,0,0,0,0
715,2,13.0,0,0,1,0,0,0,0,0,0,0,1,0,0,0,0,0,0,0
716,3,7.65,0,0,1,0,0,0,0,1,0,0,0,0,0,0,0,0,0,0
717,1,227.525,1,0,0,0,0,0,0,0,0,1,0,0,0,0,0,0,1,1
718,2,10.5,0,0,1,0,0,0,0,0,1,0,0,0,0,0,0,0,1,1
719,3,15.5,0,1,0,1,0,0,0,0,0,0,0,0,0,0,0,0,0,0
720,3,7.775,0,0,1,0,0,0,0,0,1,0,0,0,0,0,0,0,0,0
721,2,33.0,0,0,1,0,0,1,0,0,0,0,0,0,0,0,0,1,1,1
722,3,7.0542,0,0,1,0,0,0,1,0,0,0,0,0,0,0,1,0,0,0
723,2,13.0,0,0,1,0,0,0,0,0,1,0,0,0,0,0,0,0,0,0
724,2,13.0,0,0,1,0,0,0,0,0,0,0,1,0,0,0,0,0,0,0
725,1,53.1,0,0,1,0,0,0,0,0,1,0,0,0,0,0,1,0,0,1
726,3,8.6625,0,0,1,0,0,0,0,1,0,0,0,0,0,0,0,0,0,0
727,2,21.0,0,0,1,0,0,0,0,0,1,0,0,0,0,0,3,0,1,1
728,3,7.7375,0,1,0,1,0,0,0,0,0,0,0,0,0,0,0,0,1,1
729,2,26.0,0,0,1,0,0,0,0,1,0,0,0,0,0,0,1,0,0,0
730,3,7.925,0,0,1,0,0,0,0,1,0,0,0,0,0,0,1,0,1,0
731,1,211.3375,0,0,1,0,0,0,0,0,1,0,0,0,0,0,0,0,1,1
732,3,18.7875,1,0,0,0,0,1,0,0,0,0,0,0,0,0,0,0,0,0
733,2,0.0,0,0,1,1,0,0,0,0,0,0,0,0,0,0,0,0,0,0
734,2,13.0,0,0,1,0,0,0,0,1,0,0,0,0,0,0,0,0,0,0
735,2,13.0,0,0,1,0,0,0,0,1,0,0,0,0,0,0,0,0,0,0
736,3,16.1,0,0,1,0,0,0,0,0,1,0,0,0,0,0,0,0,0,0
737,3,34.375,0,0,1,0,0,0,0,0,0,0,1,0,0,0,1,3,1,0
738,1,512.3292,1,0,0,0,0,0,0,0,1,0,0,0,0,0,0,0,0,1
739,3,7.8958,0,0,1,1,0,0,0,0,0,0,0,0,0,0,0,0,0,0
740,3,7.8958,0,0,1,1,0,0,0,0,0,0,0,0,0,0,0,0,0,0
741,1,30.0,0,0,1,1,0,0,0,0,0,0,0,0,0,0,0,0,0,1
742,1,78.85,0,0,1,0,0,0,0,0,0,1,0,0,0,0,1,0,0,0
743,1,262.375,1,0,0,0,0,0,0,1,0,0,0,0,0,0,2,2,1,1
744,3,16.1,0,0,1,0,0,0,0,1,0,0,0,0,0,0,1,0,0,0
745,3,7.925,0,0,1,0,0,0,0,0,1,0,0,0,0,0,0,0,0,1
746,1,71.0,0,0,1,0,0,0,0,0,0,0,0,0,1,0,1,1,0,0
747,3,20.25,0,0,1,0,0,0,1,0,0,0,0,0,0,0,1,1,0,0
748,2,13.0,0,0,1,0,0,0,0,0,1,0,0,0,0,0,0,0,1,1
749,1,53.1,0,0,1,0,0,0,0,1,0,0,0,0,0,0,1,0,0,0
750,3,7.75,0,1,0,0,0,0,0,0,1,0,0,0,0,0,0,0,0,0
751,2,23.0,0,0,1,0,0,1,0,0,0,0,0,0,0,0,1,1,1,1
752,3,12.475,0,0,1,0,0,1,0,0,0,0,0,0,0,0,0,1,0,1
753,3,9.5,0,0,1,0,0,0,0,0,1,0,0,0,0,0,0,0,0,0
754,3,7.8958,0,0,1,0,0,0,0,1,0,0,0,0,0,0,0,0,0,0
755,2,65.0,0,0,1,0,0,0,0,0,0,0,1,0,0,0,1,2,1,1
756,2,14.5,0,0,1,0,1,0,0,0,0,0,0,0,0,0,1,1,0,1
757,3,7.7958,0,0,1,0,0,0,0,0,1,0,0,0,0,0,0,0,0,0
758,2,11.5,0,0,1,0,0,0,1,0,0,0,0,0,0,0,0,0,0,0
759,3,8.05,0,0,1,0,0,0,0,0,1,0,0,0,0,0,0,0,0,0
760,1,86.5,0,0,1,0,0,0,0,0,1,0,0,0,0,0,0,0,1,1
761,3,14.5,0,0,1,1,0,0,0,0,0,0,0,0,0,0,0,0,0,0
762,3,7.125,0,0,1,0,0,0,0,0,0,1,0,0,0,0,0,0,0,0
763,3,7.2292,1,0,0,0,0,0,0,1,0,0,0,0,0,0,0,0,0,1
764,1,120.0,0,0,1,0,0,0,0,0,0,1,0,0,0,0,1,2,1,1
765,3,7.775,0,0,1,0,0,0,1,0,0,0,0,0,0,0,0,0,0,0
766,1,77.9583,0,0,1,0,0,0,0,0,0,0,1,0,0,0,1,0,1,1
767,1,39.6,1,0,0,1,0,0,0,0,0,0,0,0,0,0,0,0,0,0
768,3,7.75,0,1,0,0,0,0,0,0,1,0,0,0,0,0,0,0,1,0
769,3,24.15,0,1,0,1,0,0,0,0,0,0,0,0,0,0,1,0,0,0
770,3,8.3625,0,0,1,0,0,0,0,0,1,0,0,0,0,0,0,0,0,0
771,3,9.5,0,0,1,0,0,0,0,1,0,0,0,0,0,0,0,0,0,0
772,3,7.8542,0,0,1,0,0,0,0,0,0,0,1,0,0,0,0,0,0,0
773,2,10.5,0,0,1,0,0,0,0,0,0,0,0,1,0,0,0,0,1,0
774,3,7.225,1,0,0,1,0,0,0,0,0,0,0,0,0,0,0,0,0,0
775,2,23.0,0,0,1,0,0,0,0,0,0,0,1,0,0,0,1,3,1,1
776,3,7.75,0,0,1,0,0,0,1,0,0,0,0,0,0,0,0,0,0,0
777,3,7.75,0,1,0,1,0,0,0,0,0,0,0,0,0,0,0,0,0,0
778,3,12.475,0,0,1,0,0,1,0,0,0,0,0,0,0,0,0,0,1,1
779,3,7.7375,0,1,0,1,0,0,0,0,0,0,0,0,0,0,0,0,0,0
780,1,211.3375,0,0,1,0,0,0,0,0,0,1,0,0,0,0,0,1,1,1
781,3,7.2292,1,0,0,0,0,0,1,0,0,0,0,0,0,0,0,0,1,1
782,1,57.0,0,0,1,0,0,0,1,0,0,0,0,0,0,0,1,0,1,1
783,1,30.0,0,0,1,0,0,0,0,0,1,0,0,0,0,0,0,0,0,0
784,3,23.45,0,0,1,1,0,0,0,0,0,0,0,0,0,0,1,2,0,0
785,3,7.05,0,0,1,0,0,0,0,1,0,0,0,0,0,0,0,0,0,0
786,3,7.25,0,0,1,0,0,0,0,1,0,0,0,0,0,0,0,0,0,0
787,3,7.4958,0,0,1,0,0,0,1,0,0,0,0,0,0,0,0,0,1,1
788,3,29.125,0,1,0,0,0,1,0,0,0,0,0,0,0,0,4,1,0,0
789,3,20.575,0,0,1,0,1,0,0,0,0,0,0,0,0,0,1,2,0,1
790,1,79.2,1,0,0,0,0,0,0,0,0,0,1,0,0,0,0,0,0,0
791,3,7.75,0,1,0,1,0,0,0,0,0,0,0,0,0,0,0,0,0,0
792,2,26.0,0,0,1,0,0,0,1,0,0,0,0,0,0,0,0,0,0,0
793,3,69.55,0,0,1,1,0,0,0,0,0,0,0,0,0,0,8,2,1,0
794,1,30.6958,1,0,0,1,0,0,0,0,0,0,0,0,0,0,0,0,0,0
795,3,7.8958,0,0,1,0,0,0,0,1,0,0,0,0,0,0,0,0,0,0
796,2,13.0,0,0,1,0,0,0,0,0,0,1,0,0,0,0,0,0,0,0
797,1,25.9292,0,0,1,0,0,0,0,0,0,0,1,0,0,0,0,0,1,1
798,3,8.6833,0,0,1,0,0,0,0,0,1,0,0,0,0,0,0,0,1,1
799,3,7.2292,1,0,0,0,0,0,0,0,1,0,0,0,0,0,0,0,0,0
800,3,24.15,0,0,1,0,0,0,0,0,1,0,0,0,0,0,1,1,1,0
801,2,13.0,0,0,1,0,0,0,0,0,1,0,0,0,0,0,0,0,0,0
802,2,26.25,0,0,1,0,0,0,0,0,1,0,0,0,0,0,1,1,1,1
803,1,120.0,0,0,1,0,0,1,0,0,0,0,0,0,0,0,1,2,0,1
804,3,8.5167,1,0,0,0,1,0,0,0,0,0,0,0,0,0,0,1,0,1
805,3,6.975,0,0,1,0,0,0,0,0,1,0,0,0,0,0,0,0,0,1
806,3,7.775,0,0,1,0,0,0,0,0,1,0,0,0,0,0,0,0,0,0
807,1,0.0,0,0,1,0,0,0,0,0,0,1,0,0,0,0,0,0,0,0
808,3,7.775,0,0,1,0,0,0,1,0,0,0,0,0,0,0,0,0,1,0
809,2,13.0,0,0,1,0,0,0,0,0,0,1,0,0,0,0,0,0,0,0
810,1,53.1,0,0,1,0,0,0,0,0,1,0,0,0,0,0,1,0,1,1
811,3,7.8875,0,0,1,0,0,0,0,0,1,0,0,0,0,0,0,0,0,0
812,3,24.15,0,0,1,0,0,0,0,0,0,1,0,0,0,0,0,0,0,0
813,2,10.5,0,0,1,0,0,0,0,0,1,0,0,0,0,0,0,0,0,0
814,3,31.275,0,0,1,0,0,1,0,0,0,0,0,0,0,0,4,2,1,0
815,3,8.05,0,0,1,0,0,0,0,0,1,0,0,0,0,0,0,0,0,0
816,1,0.0,0,0,1,1,0,0,0,0,0,0,0,0,0,0,0,0,0,0
817,3,7.925,0,0,1,0,0,0,0,1,0,0,0,0,0,0,0,0,1,0
818,2,37.0042,1,0,0,0,0,0,0,0,1,0,0,0,0,0,1,1,0,0
819,3,6.45,0,0,1,0,0,0,0,0,0,1,0,0,0,0,0,0,0,0
820,3,27.9,0,0,1,0,0,1,0,0,0,0,0,0,0,0,3,2,0,0
821,1,93.5,0,0,1,0,0,0,0,0,0,0,1,0,0,0,1,1,1,1
822,3,8.6625,0,0,1,0,0,0,0,0,1,0,0,0,0,0,0,0,0,1
823,1,0.0,0,0,1,0,0,0,0,0,0,1,0,0,0,0,0,0,0,0
824,3,12.475,0,0,1,0,0,0,0,0,1,0,0,0,0,0,0,1,1,1
825,3,39.6875,0,0,1,0,1,0,0,0,0,0,0,0,0,0,4,1,0,0
826,3,6.95,0,1,0,1,0,0,0,0,0,0,0,0,0,0,0,0,0,0
827,3,56.4958,0,0,1,1,0,0,0,0,0,0,0,0,0,0,0,0,0,0
828,2,37.0042,1,0,0,0,1,0,0,0,0,0,0,0,0,0,0,2,0,1
829,3,7.75,0,1,0,1,0,0,0,0,0,0,0,0,0,0,0,0,0,1
831,3,14.4542,1,0,0,0,0,0,1,0,0,0,0,0,0,0,1,0,1,1
832,2,18.75,0,0,1,0,1,0,0,0,0,0,0,0,0,0,1,1,0,1
833,3,7.2292,1,0,0,1,0,0,0,0,0,0,0,0,0,0,0,0,0,0
834,3,7.8542,0,0,1,0,0,0,0,1,0,0,0,0,0,0,0,0,0,0
835,3,8.3,0,0,1,0,0,0,1,0,0,0,0,0,0,0,0,0,0,0
836,1,83.1583,1,0,0,0,0,0,0,0,0,1,0,0,0,0,1,1,1,1
837,3,8.6625,0,0,1,0,0,0,0,1,0,0,0,0,0,0,0,0,0,0
838,3,8.05,0,0,1,1,0,0,0,0,0,0,0,0,0,0,0,0,0,0
839,3,56.4958,0,0,1,0,0,0,0,0,1,0,0,0,0,0,0,0,0,1
840,1,29.7,1,0,0,1,0,0,0,0,0,0,0,0,0,0,0,0,0,1
841,3,7.925,0,0,1,0,0,0,0,1,0,0,0,0,0,0,0,0,0,0
842,2,10.5,0,0,1,0,0,0,1,0,0,0,0,0,0,0,0,0,0,0
843,1,31.0,1,0,0,0,0,0,0,0,1,0,0,0,0,0,0,0,1,1
844,3,6.4375,1,0,0,0,0,0,0,0,1,0,0,0,0,0,0,0,0,0
845,3,8.6625,0,0,1,0,0,0,1,0,0,0,0,0,0,0,0,0,0,0
846,3,7.55,0,0,1,0,0,0,0,0,0,1,0,0,0,0,0,0,0,0
847,3,69.55,0,0,1,1,0,0,0,0,0,0,0,0,0,0,8,2,0,0
848,3,7.8958,1,0,0,0,0,0,0,0,1,0,0,0,0,0,0,0,0,0
849,2,33.0,0,0,1,0,0,0,0,0,1,0,0,0,0,0,0,1,0,0
850,1,89.1042,1,0,0,1,0,0,0,0,0,0,0,0,0,0,1,0,1,1
851,3,31.275,0,0,1,0,0,1,0,0,0,0,0,0,0,0,4,2,0,0
852,3,7.775,0,0,1,0,0,0,0,0,0,0,0,0,1,0,0,0,0,0
853,3,15.2458,1,0,0,0,0,1,0,0,0,0,0,0,0,0,1,1,1,0
854,1,39.4,0,0,1,0,0,0,1,0,0,0,0,0,0,0,0,1,1,1
855,2,26.0,0,0,1,0,0,0,0,0,0,1,0,0,0,0,1,0,1,0
856,3,9.35,0,0,1,0,0,0,1,0,0,0,0,0,0,0,0,1,1,1
857,1,164.8667,0,0,1,0,0,0,0,0,0,1,0,0,0,0,1,1,1,1
858,1,26.55,0,0,1,0,0,0,0,0,0,0,1,0,0,0,0,0,0,1
859,3,19.2583,1,0,0,0,0,0,0,1,0,0,0,0,0,0,0,3,1,1
860,3,7.2292,1,0,0,1,0,0,0,0,0,0,0,0,0,0,0,0,0,0
861,3,14.1083,0,0,1,0,0,0,0,0,0,1,0,0,0,0,2,0,0,0
862,2,11.5,0,0,1,0,0,0,0,1,0,0,0,0,0,0,1,0,0,0
863,1,25.9292,0,0,1,0,0,0,0,0,0,0,1,0,0,0,0,0,1,1
864,3,69.55,0,0,1,1,0,0,0,0,0,0,0,0,0,0,8,2,1,0
865,2,13.0,0,0,1,0,0,0,0,1,0,0,0,0,0,0,0,0,0,0
866,2,13.0,0,0,1,0,0,0,0,0,0,1,0,0,0,0,0,0,1,1
867,2,13.8583,1,0,0,0,0,0,0,0,1,0,0,0,0,0,1,0,1,1
868,1,50.4958,0,0,1,0,0,0,0,0,1,0,0,0,0,0,0,0,0,0
869,3,9.5,0,0,1,1,0,0,0,0,0,0,0,0,0,0,0,0,0,0
870,3,11.1333,0,0,1,0,0,1,0,0,0,0,0,0,0,0,1,1,0,1
871,3,7.8958,0,0,1,0,0,0,0,0,1,0,0,0,0,0,0,0,0,0
872,1,52.5542,0,0,1,0,0,0,0,0,0,0,1,0,0,0,1,1,1,1
873,1,5.0,0,0,1,0,0,0,0,0,1,0,0,0,0,0,0,0,0,0
874,3,9.0,0,0,1,0,0,0,0,0,0,0,1,0,0,0,0,0,0,0
875,2,24.0,1,0,0,0,0,0,0,0,1,0,0,0,0,0,1,0,1,1
876,3,7.225,1,0,0,0,0,0,1,0,0,0,0,0,0,0,0,0,1,1
877,3,9.8458,0,0,1,0,0,0,0,1,0,0,0,0,0,0,0,0,0,0
878,3,7.8958,0,0,1,0,0,0,0,1,0,0,0,0,0,0,0,0,0,0
879,3,7.8958,0,0,1,1,0,0,0,0,0,0,0,0,0,0,0,0,0,0
880,1,83.1583,1,0,0,0,0,0,0,0,0,0,0,1,0,0,0,1,1,1
881,2,26.0,0,0,1,0,0,0,0,1,0,0,0,0,0,0,0,1,1,1
882,3,7.8958,0,0,1,0,0,0,0,0,1,0,0,0,0,0,0,0,0,0
883,3,10.5167,0,0,1,0,0,0,0,1,0,0,0,0,0,0,0,0,1,0
884,2,10.5,0,0,1,0,0,0,0,0,1,0,0,0,0,0,0,0,0,0
885,3,7.05,0,0,1,0,0,0,0,1,0,0,0,0,0,0,0,0,0,0
886,3,29.125,0,1,0,0,0,0,0,0,0,1,0,0,0,0,0,5,1,0
887,2,13.0,0,0,1,0,0,0,0,0,1,0,0,0,0,0,0,0,0,0
888,1,30.0,0,0,1,0,0,0,0,1,0,0,0,0,0,0,0,0,1,1
889,3,23.45,0,0,1,1,0,0,0,0,0,0,0,0,0,0,1,2,1,0
890,1,30.0,1,0,0,0,0,0,0,0,1,0,0,0,0,0,0,0,0,1
891,3,7.75,0,1,0,0,0,0,0,0,1,0,0,0,0,0,0,0,0,0
